path,name,size_bytes,size_mb,sha1,type,issues,has_issues,is_duplicate
autocomplete_light_custom\autocomplete.init.ce7877f2.js,autocomplete.init.ce7877f2.js,65,0.0,15571db654e7b48db56e31ddcb66d9627c19a731,JS,,False,True
autocomplete_light_custom\init.ce7877f2.js,init.ce7877f2.js,65,0.0,15571db654e7b48db56e31ddcb66d9627c19a731,JS,,False,True
css\App.2651f226.css,App.2651f226.css,564,0.0,0be63cf9418edda239b2c4eedf70b0d157fdbedf,CSS,UPPERCASE,True,False
css\index.6c2104b8.css,index.6c2104b8.css,366,0.0,5c1d01fe7c2c646773fff312b7e9574f1e8852e1,CSS,,False,False
css\select2_custom.e65898ee.css,select2_custom.e65898ee.css,804,0.0,833eb16daa20eefc501b137f40f19fd927fef4f9,CSS,,False,True
css\static_css_tailwind_base.c6dfc145.css,static_css_tailwind_base.c6dfc145.css,60,0.0,57731a91c3fb7979dc5d333da2015189fefad7d3,CSS,,False,True
css\style.c6dfc145.css,style.c6dfc145.css,60,0.0,57731a91c3fb7979dc5d333da2015189fefad7d3,CSS,,False,True
css\style_cb_dca529e9.cd20c6e2.css,style_cb_dca529e9.cd20c6e2.css,16020,0.02,321b21844c961f2251d0cfc2cdd4728b3dfa3c36,CSS,,False,False
css\tailwind.c040ed42.css,tailwind.c040ed42.css,59,0.0,d88dc6b14989074f8d407e9b7f7f855d5816203e,CSS,,False,True
egarage_intro\egarage_intro_6s.mp4,egarage_intro_6s.mp4,40,0.0,29fba569f974735bbdb3debd91908a096bd07953,VIDEO,,False,True
egarage_intro\logo-glow.241d56d2.png,logo-glow.241d56d2.png,32,0.0,79f062d63242ca24d5830e2a307311ba6134976a,IMG,,False,True
egarage_intro\particles_background.webm,particles_background.webm,45,0.0,0d7f90563da5953fa044fbeed84652ac418d3885,VIDEO,,False,True
egarage_intro\script.efb60968.js,script.efb60968.js,29,0.0,f1e8e9835e2b36ed7efa93e9838af88652053d70,JS,,False,True
images\egarage_default_logo.eda79c86.png,egarage_default_logo.eda79c86.png,1470047,1.4,98f8d3f71889532d075adb5c9d05c4ce4e46a170,IMG,,False,True
images\favicon.c92b85a5.ico,favicon.c92b85a5.ico,3870,0.0,1120538c77ad1f28a89243b4b53fe2ac16cc3bc6,IMG,,False,False
images\favicon_32_cb_58284776.fe1c45ed.png,favicon_32_cb_58284776.fe1c45ed.png,1732,0.0,e0127332fa3ed4ea53e7b59814fbcfb37ba62f6c,IMG,,False,False
images\keybd_closed_cb_ce680311.8285ae9f.png,keybd_closed_cb_ce680311.8285ae9f.png,9004,0.01,b61cdb0d1dcc97850d7c478c2ab5d1f4a556463f,IMG,,False,False
images\logo.fd7efd2c.svg,logo.fd7efd2c.svg,2633,0.0,77ae167a511996aa0e6f9e0d81e3788f53001bb4,IMG,,False,False
images\logo192.33dbdd01.png,logo192.33dbdd01.png,5347,0.01,7f4f2d68782a7fafceda84554ecab9b489877500,IMG,,False,False
images\logo512.917515db.png,logo512.917515db.png,9664,0.01,46915f9d02694ed49bfc7a9534947684103dc3fe,IMG,,False,False
img\logo-glow.241d56d2.png,logo-glow.241d56d2.png,32,0.0,79f062d63242ca24d5830e2a307311ba6134976a,IMG,,False,True
img\TallerPro_logo.eda79c86.png,TallerPro_logo.eda79c86.png,1470047,1.4,98f8d3f71889532d075adb5c9d05c4ce4e46a170,IMG,UPPERCASE,True,True
js\App.729c6e80.js,App.729c6e80.js,528,0.0,cd44f1072ea513a62e4aafece656c107fd01a50d,JS,UPPERCASE,True,False
js\coverage_html_cb_497bf287.5d92da3d.js,coverage_html_cb_497bf287.5d92da3d.js,26207,0.02,c0818255bb2b303940e2bcb899694833daf1b7ba,JS,,False,False
js\es.a6403624.js,es.a6403624.js,99,0.0,2aeaadeff9b4be20e4534df9ec66cdb7d612dedd,JS,,False,False
js\fondo_interactivo.d41d8cd9.js,fondo_interactivo.d41d8cd9.js,0,0.0,da39a3ee5e6b4b0d3255bfef95601890afd80709,JS,,False,True
js\index.de8d7d2b.js,index.de8d7d2b.js,535,0.0,21fc8fbbb928940e686eeea15f530c7c853b0c90,JS,,False,False
js\main.652ca6cb.js,main.652ca6cb.js,112,0.0,245fc3d86dcaa16197df09d8f30259ea7620b286,JS,,False,True
js\particles.json,particles.json,0,0.0,da39a3ee5e6b4b0d3255bfef95601890afd80709,OTHER,,False,True
js\playwright.config.92b72f4a.js,playwright.config.92b72f4a.js,2060,0.0,10bf752702ec3f0b74d1de21e4c755b2895c9c2b,JS,,False,False
js\postcss.config.854b3875.js,postcss.config.854b3875.js,82,0.0,8860a68bc6ae8745e3db0b6d090129720e5ecc80,JS,,False,True
js\reportWebVitals.240e2381.js,reportWebVitals.240e2381.js,362,0.0,e2272d40e23ac1d506a912e1af1cf6c7f97e1496,JS,UPPERCASE,True,False
js\script.efb60968.js,script.efb60968.js,29,0.0,f1e8e9835e2b36ed7efa93e9838af88652053d70,JS,,False,True
js\setupTests.1a77571e.js,setupTests.1a77571e.js,241,0.0,c094c2f8aa68cd46c90f53284610e6b909a516f8,JS,UPPERCASE,True,False
js\test_busqueda_repuestos_frontend.spec.cdadc038.js,test_busqueda_repuestos_frontend.spec.cdadc038.js,1964,0.0,a60e5a473ba4b2df75eaeffe3db05aeb9416d4a3,JS,,False,False
js\test_busqueda_servicios_frontend.spec.ce63f330.js,test_busqueda_servicios_frontend.spec.ce63f330.js,1878,0.0,5416331ef8f1a9ef9a455c0b6eca6ec32365fd07,JS,,False,False
js\test_formulario_documento_completo.spec.0d6a0b0e.js,test_formulario_documento_completo.spec.0d6a0b0e.js,2839,0.0,4e2f9059241f003f06b9ec6ff9981ca1db73450a,JS,LONG_NAME,True,False
js\ubicacion.208e793d.js,ubicacion.208e793d.js,1320,0.0,cc043b9d02aa3af4844f701853522a967c3602b0,JS,,False,False
src\input.c040ed42.css,input.c040ed42.css,59,0.0,d88dc6b14989074f8d407e9b7f7f855d5816203e,CSS,,False,True
src\main.652ca6cb.js,main.652ca6cb.js,112,0.0,245fc3d86dcaa16197df09d8f30259ea7620b286,JS,,False,True
src\style.c6dfc145.css,style.c6dfc145.css,60,0.0,57731a91c3fb7979dc5d333da2015189fefad7d3,CSS,,False,True
videos\egarage_intro_6s.mp4,egarage_intro_6s.mp4,40,0.0,29fba569f974735bbdb3debd91908a096bd07953,VIDEO,,False,True
videos\fondo_futurista.mp4,fondo_futurista.mp4,0,0.0,da39a3ee5e6b4b0d3255bfef95601890afd80709,VIDEO,,False,True
videos\particles_background.webm,particles_background.webm,45,0.0,0d7f90563da5953fa044fbeed84652ac418d3885,VIDEO,,False,True
_loose_import\postcss.config.854b3875.js,postcss.config.854b3875.js,82,0.0,8860a68bc6ae8745e3db0b6d090129720e5ecc80,JS,,False,True
vendor\vendor\js\es.b337e3e6.js,es.b337e3e6.js,1081,0.0,c8ed6396d34e8a699de5e12b577ccbc21ba468c6,JS,,False,False
vendor\select2\dist\select2_custom.e65898ee.css,select2_custom.e65898ee.css,804,0.0,833eb16daa20eefc501b137f40f19fd927fef4f9,CSS,,False,True
vendor\js\js\jquery-ui.min.c6b0df13.js,jquery-ui.min.c6b0df13.js,219,0.0,fb0172f596dbd6b38af1589b804b877216bf73e4,JS,,False,False
vendor\js\js\select2.full.min.6f4da37e.js,select2.full.min.6f4da37e.js,107,0.0,bed7bed4e8429fdad8e962d47dc844576f9038ad,JS,,False,False
vendor\jquery\dist\jquery.min.c0338651.js,jquery.min.c0338651.js,80,0.0,47d2fc18ae8e4c61232d89545a500cb97bfeb2bc,JS,,False,True
vendor\dist\css\select2.min.9233c273.css,select2.min.9233c273.css,27,0.0,8aed4a464c2f9b2b5117b391610ce16e28d52461,CSS,,False,False
vendor\dist\js\jquery-ui.min.4e1155b3.js,jquery-ui.min.4e1155b3.js,222,0.0,50cc08ab8d1e40a4ff9ccf9540f5776e91a96c8b,JS,,False,False
vendor\dist\js\select2.min.2ed44157.js,select2.min.2ed44157.js,2014,0.0,050153a695dd793dd06f5dbb01b193827dbc290c,JS,,False,False
vendor\css\css\select2-contrast.423197f5.css,select2-contrast.423197f5.css,1254,0.0,bcf43cea974e81e2c19db984d51508b4069a6949,CSS,,False,False
vendor\css\css\select2.1e3ac741.css,select2.1e3ac741.css,477,0.0,d1bbfce39f8cdc87a855ad9ac1042f7713213bca,CSS,,False,False
vendor\css\css\select2.min-1.d5edc301.css,select2.min-1.d5edc301.css,3131,0.0,0632e864080311be586b1bcaafb63caf90d38a43,CSS,,False,False
vendor\css\css\select2.min.0a9f7446.css,select2.min.0a9f7446.css,28,0.0,1fe245dbc4ef403857f552b5ec594468acd169f8,CSS,,False,False
vendor\autocomplete_light_custom\js\jquery.init.690aa069.js,jquery.init.690aa069.js,49,0.0,11e459de950e2164addc5a1f139c9bc5aba0842b,JS,,False,False
vendor\autocomplete_light_custom\js\select2.bfea824d.js,select2.bfea824d.js,5699,0.01,4fb458b407b87e77a7a3286ac4203067c544eee5,JS,,False,False
vendor\autocomplete_light_custom\js\select2.min.d4d1494c.js,select2.min.d4d1494c.js,2015,0.0,f1446c2aadb8c326fd0ac6de1bab21f9b9111af5,JS,,False,False
taller\common\css\admin_documento.037a2d95.css,admin_documento.037a2d95.css,4527,0.0,3d2665e7c89d3067fd90cc977311a5e870f42381,CSS,,False,False
taller\common\css\admin_documento_print.6e9f7f85.css,admin_documento_print.6e9f7f85.css,1750,0.0,ce48ff2a86f8cfa5d7367c2da47c473449d7aff3,CSS,,False,False
taller\common\css\configuracion_futurista.3f58640b.css,configuracion_futurista.3f58640b.css,8489,0.01,ae2807d856831f419507bfa605e5921ecbde6c5e,CSS,,False,False
taller\common\css\dashboard.17bf9091.css,dashboard.17bf9091.css,594,0.0,7982955e9ea2231cabfccf356eb129d17fd8abbb,CSS,,False,False
taller\common\css\dashboard_custom.b38104f0.css,dashboard_custom.b38104f0.css,121,0.0,3125fa0140515113c014f79e8cf64ca10c5bad90,CSS,,False,False
taller\common\css\dashboard_moderno.5efb9ef4.css,dashboard_moderno.5efb9ef4.css,677,0.0,98d79ff4e43be35aedf09d060f31196c5c4ee7f5,CSS,,False,False
taller\common\css\dashboard_styles.efa39801.css,dashboard_styles.efa39801.css,641,0.0,6c866d78e78f37ebdf837c6bf033bf3f28f00181,CSS,,False,False
taller\common\css\documentos_form.6f56ac4b.css,documentos_form.6f56ac4b.css,1095,0.0,a75a86c15e2afd8ae33fc013bc873030ffd47802,CSS,,False,False
taller\common\css\documentos_form_numbers.fbea4711.css,documentos_form_numbers.fbea4711.css,632,0.0,f64cf64b7b7e83c6fe49db992495035e80f574cc,CSS,,False,False
taller\common\css\documentos_form_patch.4d4e6390.css,documentos_form_patch.4d4e6390.css,2281,0.0,f59f2582aa6de31fed2e8620162b6d66894bafce,CSS,,False,False
taller\common\css\documento_form.25bf7a9a.css,documento_form.25bf7a9a.css,2731,0.0,4e026b21e5a7fdbfba4d9599fe2451c7731d2ec0,CSS,,False,False
taller\common\css\documento_form_futurista.ba0889b0.css,documento_form_futurista.ba0889b0.css,6215,0.01,29fdd5bf337550decca2d6cbfe2753ce59cc5378,CSS,,False,False
taller\common\css\document_print.feb52b46.css,document_print.feb52b46.css,1330,0.0,636fd8759fed98acc636fd253038409129fbc00d,CSS,,False,False
taller\common\css\dynamic_background.321a32e5.css,dynamic_background.321a32e5.css,9519,0.01,9b476f752c554d7a253e82e515df44b4ff9c733e,CSS,,False,False
taller\common\css\eg-future.219e16bb.css,eg-future.219e16bb.css,4573,0.0,02edb8a222b9098ff0b34de30afb574ada9cfd6d,CSS,,False,False
taller\common\css\estilo_futurista.6c0833be.css,estilo_futurista.6c0833be.css,908,0.0,42cb10d1fcd50a34661af5d8bdbdeaade251255e,CSS,,False,False
taller\common\css\estilo_inicio.18f2356c.css,estilo_inicio.18f2356c.css,1024,0.0,fb74ef848d6787444cd72e58bf96ded2aa937e88,CSS,,False,False
taller\common\css\estilo_landing.64e929be.css,estilo_landing.64e929be.css,157,0.0,871f1b6fc05a5086ee4471f0219832d22e2e7f80,CSS,,False,False
taller\common\css\fondo_general.686b3430.css,fondo_general.686b3430.css,205,0.0,6d5cf8dbd63693fe1a8f5b78ad1318ccb76e30c8,CSS,,False,False
taller\common\css\fondo_video.443bcbbb.css,fondo_video.443bcbbb.css,141,0.0,5f45bbd6cf96c2660b3e874c03181651cf8a3b22,CSS,,False,False
taller\common\css\force_black_text.3485bca9.css,force_black_text.3485bca9.css,636,0.0,4cf01ac1f7226c7385521d01a31f35b9e3335844,CSS,,False,False
taller\common\css\force_fields.fbd88d03.css,force_fields.fbd88d03.css,1216,0.0,5fba8bc9b04d2f35b8145eb3e7045aa95cf14cb0,CSS,,False,False
taller\common\css\formulario_cliente.09ca4aee.css,formulario_cliente.09ca4aee.css,1037,0.0,4f41e0a6db90b1629adadb5c77bdd08a87df8949,CSS,,False,False
taller\common\css\galaxy.3bae5d8c.css,galaxy.3bae5d8c.css,813,0.0,aa0368d92c7a957f8c2b9f9c3de51ca994233b63,CSS,,False,False
taller\common\css\galaxy_theme.41886fb2.css,galaxy_theme.41886fb2.css,578,0.0,d4a9d8cb7e3cf6cde225ebc1b18fbc7094eac8cc,CSS,,False,False
taller\common\css\inicio_general.30dfd993.css,inicio_general.30dfd993.css,1092,0.0,1a287a07111c2ec5b4de99283f81c84668444e03,CSS,,False,False
taller\common\css\landing.7359a3bf.css,landing.7359a3bf.css,753,0.0,e06c91bcbd03d56c8df63ed0bf77db551f8d012e,CSS,,False,False
taller\common\css\landing_tallerpro.104d524e.css,landing_tallerpro.104d524e.css,459,0.0,4d7736714fa94896eed20db2ae7563030d2481c5,CSS,,False,False
taller\common\css\lista_clientes.05c6a456.css,lista_clientes.05c6a456.css,910,0.0,e95b420a4a33b485a2c4d8f80d5824514adb5258,CSS,,False,False
taller\common\css\output.87a7c804.css,output.87a7c804.css,80579,0.08,446229a3a3bd23e65183ddb20bed92458571a71c,CSS,,False,False
taller\common\css\repuestos_cyber.287577aa.css,repuestos_cyber.287577aa.css,7209,0.01,abd157194db7132f146dd996e6c26394e5e69acd,CSS,,False,False
taller\common\css\starfield.88d07cec.css,starfield.88d07cec.css,1017,0.0,1e844c2512c07c4ecb546748aaf6bee80e62e6de,CSS,,False,False
taller\common\css\styles-1.e94768b1.css,styles-1.e94768b1.css,49379,0.05,e0c94c0bff57d9177cab1718265cfd55822b62c4,CSS,,False,False
taller\common\css\styles.bc7ecf2a.css,styles.bc7ecf2a.css,30,0.0,76ff3fc273e59c8d95611c046755adf228cb9ca9,CSS,,False,False
taller\common\css\tailwind.min.641f6c45.css,tailwind.min.641f6c45.css,68,0.0,53a3c48656e13d828c24f17b76a301e849ef8ad2,CSS,,False,False
taller\common\css\tailwind.output.afb4eb46.css,tailwind.output.afb4eb46.css,49348,0.05,8cd5d0483a18989bdc7593115103ff2ada2beac1,CSS,,False,False
taller\common\img\app_laptop.a13819b5.png,app_laptop.a13819b5.png,14149,0.01,864662ccb66f0008664215cdecfdbf1f5aae1753,IMG,,False,False
taller\common\img\app_mobile.d6e39b33.png,app_mobile.d6e39b33.png,15013,0.01,4a6c42e705528a8233f0fd8213477afe6ae03f62,IMG,,False,False
taller\common\img\carlos.aa38530f.png,carlos.aa38530f.png,378,0.0,efac1437c28a67ecad8ac81f698fde0768e05f50,IMG,,False,False
taller\common\img\cl.a9890613.svg,cl.a9890613.svg,564,0.0,e2e66345008ce727f8efada3d1faec4cbb01a122,IMG,,False,False
taller\common\img\diego.4722dad5.png,diego.4722dad5.png,378,0.0,0d0ff4dd6b20293a180df2fa899b0c3afd80d1d2,IMG,,False,False
taller\common\img\egarage-logo-1.885bfc56.svg,egarage-logo-1.885bfc56.svg,2275,0.0,69140d8d41947877b2574050860627aa0b9602e7,IMG,,False,False
taller\common\img\egarage-logo-simple.1884a8f7.svg,egarage-logo-simple.1884a8f7.svg,1711,0.0,33f58488a094b5934b202a93cddf74325c9b3fa0,IMG,,False,False
taller\common\img\egarage-logo.ea7113e9.svg,egarage-logo.ea7113e9.svg,535,0.0,2055dda2b3fc5555eac90bc8d5ebbf9d6ea9c405,IMG,,False,False
taller\common\img\egarage-simple.8d8d5b80.svg,egarage-simple.8d8d5b80.svg,1127,0.0,3c80950431c128f47d667aa22809b2d444e5781d,IMG,,False,False
taller\common\img\egarage_default_logo.b996e53b.svg,egarage_default_logo.b996e53b.svg,788,0.0,45d92c0505726c1d5eb4f732b7cd1efc157979de,IMG,,False,False
taller\common\img\fondo_tecnologico.11721883.jpg,fondo_tecnologico.11721883.jpg,347084,0.33,018b9059b157168228300df02e890afeca1b7c9e,IMG,,False,False
taller\common\img\galaxy.26af43b2.png,galaxy.26af43b2.png,1067644,1.02,1598ccc577a90be228cf1fc7476e0d5208f42a33,IMG,,False,False
taller\common\img\galaxy_2.779faddd.png,galaxy_2.779faddd.png,1939776,1.85,5a0dfb4b079b38162a3a4523b59d80d9c6ca002a,IMG,,False,False
taller\common\img\logo.0cb29bde.png,logo.0cb29bde.png,2323176,2.22,2548eefb051190871504f08912dadd09156aff6b,IMG,,False,False
taller\common\img\logo_footer.37e4c3f4.svg,logo_footer.37e4c3f4.svg,741,0.0,21bc75d1350c29b7629dd9fead87e73c9d5f5507,IMG,,False,False
taller\common\img\logo_footer.bdc88970.png,logo_footer.bdc88970.png,23911,0.02,721c0e5d1d9e5f2846b1e9ff40b7aec86e144450,IMG,,False,False
taller\common\img\logo_footer_animated.48e6308f.svg,logo_footer_animated.48e6308f.svg,1073,0.0,a1ba289b0593722638e007bda192fe85c836aa0f,IMG,,False,False
taller\common\img\paula.04bde7c0.png,paula.04bde7c0.png,378,0.0,d7cd22ecf21c5ac691f5de462501af96e736312b,IMG,,False,False
taller\common\img\stars_twinkling.deaf9885.svg,stars_twinkling.deaf9885.svg,9783,0.01,a24661e138cf00391f30be8e94cb57ce568bb521,IMG,,False,False
taller\common\js\ajax-helpers.2963e8e2.js,ajax-helpers.2963e8e2.js,3275,0.0,8e01027337014b5f2dbed9fde94be652ddbd528b,JS,,False,False
taller\common\js\autocomplete_light.91fcdda6.js,autocomplete_light.91fcdda6.js,446,0.0,707952a2f43ae0469ddaf7ab567a9b319c37e8f5,JS,,False,False
taller\common\js\clientes-chart.390462ba.js,clientes-chart.390462ba.js,3705,0.0,81cbced5f70f94e0d487d13ce77ab991517e2ddb,JS,,False,False
taller\common\js\documentos_form_enhanced.3925c684.js,documentos_form_enhanced.3925c684.js,60036,0.06,f924104e379b57ec4b24241cf48205f97da23945,JS,,False,False
taller\common\js\documentos_form_final.9b337ae4.js,documentos_form_final.9b337ae4.js,13029,0.01,3e18183c539814d2d6294f1328b711534c4e518a,JS,,False,False
taller\common\js\documentos_form_new.ddc7a38e.js,documentos_form_new.ddc7a38e.js,5354,0.01,0216dce2bfa9a19b29f99267d7ecc68fa25c8b0c,JS,,False,False
taller\common\js\documentos_form_numbers.5b6b1df0.js,documentos_form_numbers.5b6b1df0.js,5693,0.01,a76b9e398b89d94760e0c2d82019481060b2360d,JS,,False,False
taller\common\js\documentos_form_patch.dda4d38d.js,documentos_form_patch.dda4d38d.js,9852,0.01,d69772c1f166f528861cf329024f57f1d2d9cf26,JS,,False,False
taller\common\js\documentos_form_v8.09ba7993.js,documentos_form_v8.09ba7993.js,5173,0.0,71f4717644109c1ecfb8b1a32864bf38d81c5b70,JS,,False,False
taller\common\js\documento_form_advanced.37409a73.js,documento_form_advanced.37409a73.js,25619,0.02,8f4bf94e3fb6caa813cac4d3f001aebdc8d4810f,JS,,False,False
taller\common\js\documento_form_futurista.41d935d3.js,documento_form_futurista.41d935d3.js,33315,0.03,63648b7fcce3a5685648d329edaba31160c537b5,JS,,False,False
taller\common\js\dynamic_effects.c61e2f90.js,dynamic_effects.c61e2f90.js,9712,0.01,e900a41903b985a731946d20e7b5f88b4e57c87e,JS,,False,False
taller\common\js\es.ce7f151c.js,es.ce7f151c.js,941,0.0,9436bbea225a1a4d9c0d7a1c06a159367580b574,JS,,False,False
taller\common\js\formulario_documento.f8cbd4aa.js,formulario_documento.f8cbd4aa.js,26672,0.03,6032c5b976cc1e853c358e6bba8f3447f69693ca,JS,,False,False
taller\common\js\formulario_jerarquico.d08ac069.js,formulario_jerarquico.d08ac069.js,3619,0.0,27b95fcd93a68bf16f08088fb5f272702e91a550,JS,,False,False
taller\common\js\formulario_vehiculo.55b68118.js,formulario_vehiculo.55b68118.js,1367,0.0,f3faa04840beac9d3c3c2da2157a67517127d59d,JS,,False,False
taller\common\js\forward.6c5f2f43.js,forward.6c5f2f43.js,54,0.0,cdef9b0bd39200223cbba8e51ee829bdc1b6db99,JS,,False,False
taller\common\js\image_preview_simple.9181cc87.js,image_preview_simple.9181cc87.js,4834,0.0,650c276a9d4fea2d0ed173ce91b34b19b0d1ac09,JS,,False,False
taller\common\js\integracion_totales.89ad8bec.js,integracion_totales.89ad8bec.js,3524,0.0,7d884bd980952450ad97dabc2ecdfeb5290bf258,JS,,False,False
taller\common\js\landing_cl.45aae512.js,landing_cl.45aae512.js,6277,0.01,be92add9cf06cc861f57889fc0b41d129d9ea56a,JS,,False,False
taller\common\js\login_effects.511cb6cf.js,login_effects.511cb6cf.js,3115,0.0,77442c546321367d138e18ba9d99c0ea04a98ad9,JS,,False,False
taller\common\js\navbar.555afe77.js,navbar.555afe77.js,927,0.0,4bba2d3c4803b939f211aaac7e159144f8fced9a,JS,,False,False
taller\common\js\repuestos_form.e2b99828.js,repuestos_form.e2b99828.js,194,0.0,9db194a5e84667eaae5735124ce8ec4683bbc066,JS,,False,False
taller\common\js\simple_buttons.4a3424ae.js,simple_buttons.4a3424ae.js,5700,0.01,cdfabbcb689fb1a1da65ea785d320952a9bf0ce0,JS,,False,False
taller\common\js\starfield.dc4184e0.js,starfield.dc4184e0.js,2240,0.0,ed949f1ef18017dee0beb3c9abddea1ccd4c60cb,JS,,False,False
taller\common\js\tailwind.config-1.161f58db.js,tailwind.config-1.161f58db.js,1110,0.0,82f21edf012ca5e929b2ffc3bf0058c4d60dba4c,JS,,False,False
taller\common\js\tailwind.config.20827d8d.js,tailwind.config.20827d8d.js,150,0.0,5a75bf97263f22192352133be25bff0556072011,JS,,False,False
taller\common\js\totales.1c0843aa.js,totales.1c0843aa.js,4026,0.0,37dbfb167550e278ff1b1a7e913a8bf20535eb0e,JS,,False,False
taller\common\js\widget.8c4e4b3b.js,widget.8c4e4b3b.js,50,0.0,c310a0d0291fe9ec18fe23a303a462740034da68,JS,,False,False
taller\common\media\app.vue,app.vue,2482,0.0,19f0412b4c42e8822b3181f70ad115b1d84e6d7e,OTHER,,False,False
taller\common\media\debug_autocomplete_cliente.html,debug_autocomplete_cliente.html,1872,0.0,a62bcabc06e400160364a3d621c5ad52c7a81788,OTHER,,False,False
taller\common\media\index.html,index.html,30,0.0,7feae962c3fe844bcfb947f72b6719d0a4167d15,OTHER,,False,False
taller\common\media\readme_patch.md,readme_patch.md,7576,0.01,cdc2c771cffa3ad45279628d7a44ab7909fa013a,OTHER,,False,False
taller\common\media\tallerpro.mp4,tallerpro.mp4,1928674,1.84,9b4c5d6db0e9f18d961cfaf95a8bf13b65d982f5,VIDEO,,False,False
taller\common\media\tallerpro_matrix_scan.mp4,tallerpro_matrix_scan.mp4,1402891,1.34,769ac6d95b424a9ed20eee8c7a8011849f9d5721,VIDEO,,False,False
js\vendor\jquery.min.c0338651.js,jquery.min.c0338651.js,80,0.0,47d2fc18ae8e4c61232d89545a500cb97bfeb2bc,JS,,False,True
